,Prompt,Expected Answer,Method 1,Method 2
0,¿Cualés son las alianzas de historiacard?,"HistoriaCard ha forjado alianzas con una red extensa de comercios y proveedores de servicios en todo México. Estas alianzas permiten a los usuarios de
HistoriaCard acceder a descuentos exclusivos y promociones especiales, creando un ecosistema de valor añadido que beneficia tanto a los usuarios como a los
socios comerciales.",Sí,Sí
1,¿Cuál es la visión de historiacard?,"La visión de HistoriaCard es convertirse en la fintech líder en México y un referente mundial en la inclusión financiera, reconocida por su enfoque en la educación
financiera y su capacidad para transformar la vida de millones de personas. HistoriaCard aspira a establecer un nuevo estándar en el sector financiero, brindando a sus usuarios las herramientas necesarias para alcanzar la libertad financiera y prosperar en un mundo económico en constante cambio.",Sí,NO
2,¿Qué es historia card?,"HistoriaCard es una fintech mexicana que ha emergido como un catalizador para el cambio financiero en México. Fundada en 2018, la empresa se ha dedicado a
ofrecer soluciones innovadoras y accesibles, diseñadas específicamente para atender las necesidades de los consumidores mexicanos. Con un enfoque en la
educación financiera, la mejora del historial crediticio y la promoción de un manejo responsable de las finanzas personales, HistoriaCard se ha ganado un lugar en el corazón de miles de usuarios.",NO,Sí
3,¿Qué se puede hacer en la sección de Mi Perfil de la app de historiacard?,"En la sección de Mi Perfil, los usuarios pueden gestionar su identidad digital y ajustar sus preferencias para personalizar la experiencia dentro de la app. Aquí, las
funciones incluyen:
Actualizar datos personales: Con opciones para modificar la información de contacto y verificar identidad mediante herramientas de reconocimiento facial o
huellas dactilares.
Preferencias de seguridad: Activación de autenticación en dos pasos, cambios de contraseña frecuentes, y configuración de alertas personalizadas.
Gestión de dispositivos conectados: Monitoreo de los dispositivos autorizados para acceder a la cuenta, con la posibilidad de desvincular cualquier
dispositivo no reconocido.
Historial de seguridad: Acceso a un registro completo de inicios de sesión y cambios de configuración.",Sí,NO
4,¿Qué opciones de soporte me ofrece historiacard?,"Chat en vivo: Disponible 24/7, el chat en vivo conecta a los usuarios con agentes capacitados que pueden resolver una amplia variedad de problemas, desde
cuestiones técnicas hasta dudas sobre productos.
Centro de ayuda: Una base de conocimientos completa que incluye tutoriales, preguntas frecuentes, y guías paso a paso para resolver problemas comunes de
forma independiente.
Solicitudes de soporte: Los usuarios pueden abrir tickets de soporte para problemas más complejos y hacer un seguimiento de su estado directamente desde
la app.
Llamadas de emergencia: En situaciones de urgencia, como el robo o pérdida de la tarjeta, los usuarios pueden solicitar una llamada inmediata de un agente
de soporte para tomar medidas rápidas.",SI,NO
5,¿es posible acceder usando mi huella digital a mi app de historiacard?,"Los usuarios pueden acceder a su cuenta mediante huella digital o reconocimiento facial, garantizando que solo el titular de la
cuenta pueda acceder a la misma.",Sí,NO
